START DATE,START TIME,START TIME ET,SUBJECT,LOCATION,DESCRIPTION,END DATE,END DATE ET,END TIME,END TIME ET,REMINDER OFF,REMINDER ON,REMINDER DATE,REMINDER TIME,REMINDER TIME ET,SHOWTIMEAS FREE,SHOWTIMEAS BUSY
02/24/24,01:05 PM,01:05 PM,Red Sox at Orioles,Ed Smith Stadium - Sarasota,"Local TV: MASN ----- Local Radio: 98 Rock FM/WBAL NewsRadio FM/AM",02/24/24,02/24/24,04:05 PM,04:05 PM,FALSE,TRUE,02/24/24,12:05 PM,12:05 PM,FREE,BUSY
02/25/24,01:05 PM,01:05 PM,Orioles at Pirates,LECOM Park - Bradenton,"Local Radio: 98 Rock FM/WBAL NewsRadio FM/AM",02/25/24,02/25/24,04:05 PM,04:05 PM,FALSE,TRUE,02/25/24,12:05 PM,12:05 PM,FREE,BUSY
02/26/24,01:05 PM,01:05 PM,Orioles at Braves,CoolToday Park - North Port,"",02/26/24,02/26/24,04:05 PM,04:05 PM,FALSE,TRUE,02/26/24,12:05 PM,12:05 PM,FREE,BUSY
02/26/24,01:05 PM,01:05 PM,Rays at Orioles,Ed Smith Stadium - Sarasota,"",02/26/24,02/26/24,04:05 PM,04:05 PM,FALSE,TRUE,02/26/24,12:05 PM,12:05 PM,FREE,BUSY
02/27/24,01:05 PM,01:05 PM,Tigers at Orioles,Ed Smith Stadium - Sarasota,"",02/27/24,02/27/24,04:05 PM,04:05 PM,FALSE,TRUE,02/27/24,12:05 PM,12:05 PM,FREE,BUSY
02/28/24,01:05 PM,01:05 PM,Orioles at Twins,Lee Health Sports Complex - Fort Myers,"",02/28/24,02/28/24,04:05 PM,04:05 PM,FALSE,TRUE,02/28/24,12:05 PM,12:05 PM,FREE,BUSY
02/29/24,01:05 PM,01:05 PM,Pirates at Orioles,Ed Smith Stadium - Sarasota,"",02/29/24,02/29/24,04:05 PM,04:05 PM,FALSE,TRUE,02/29/24,12:05 PM,12:05 PM,FREE,BUSY
03/01/24,01:05 PM,01:05 PM,Orioles at Braves,CoolToday Park - North Port,"",03/01/24,03/01/24,04:05 PM,04:05 PM,FALSE,TRUE,03/01/24,12:05 PM,12:05 PM,FREE,BUSY
03/02/24,01:05 PM,01:05 PM,Yankees at Orioles,Ed Smith Stadium - Sarasota,"Local TV: MASN- MLBN (out-of-market only) ----- Local Radio: 98 Rock FM/WBAL NewsRadio FM/AM",03/02/24,03/02/24,04:05 PM,04:05 PM,FALSE,TRUE,03/02/24,12:05 PM,12:05 PM,FREE,BUSY
03/03/24,01:05 PM,01:05 PM,Orioles at Pirates,LECOM Park - Bradenton,"Local Radio: 98 Rock FM/WBAL NewsRadio FM/AM",03/03/24,03/03/24,04:05 PM,04:05 PM,FALSE,TRUE,03/03/24,12:05 PM,12:05 PM,FREE,BUSY
03/04/24,01:05 PM,01:05 PM,Twins at Orioles,Ed Smith Stadium - Sarasota,"",03/04/24,03/04/24,04:05 PM,04:05 PM,FALSE,TRUE,03/04/24,12:05 PM,12:05 PM,FREE,BUSY
03/05/24,01:05 PM,01:05 PM,Orioles at Phillies,BayCare Ballpark - Clearwater,"",03/05/24,03/05/24,04:05 PM,04:05 PM,FALSE,TRUE,03/05/24,12:05 PM,12:05 PM,FREE,BUSY
03/06/24,06:05 PM,06:05 PM,Pirates at Orioles,Ed Smith Stadium - Sarasota,"",03/06/24,03/06/24,09:05 PM,09:05 PM,FALSE,TRUE,03/06/24,05:05 PM,05:05 PM,FREE,BUSY
03/08/24,06:05 PM,06:05 PM,Tigers at Orioles,Ed Smith Stadium - Sarasota,"Local Radio: WBAL NewsRadio 101.5 FM/HD2 97.9 ",03/08/24,03/08/24,09:05 PM,09:05 PM,FALSE,TRUE,03/08/24,05:05 PM,05:05 PM,FREE,BUSY
03/09/24,01:05 PM,01:05 PM,Orioles at Braves,CoolToday Park - North Port,"Local Radio: 98 Rock FM/WBAL NewsRadio FM/AM",03/09/24,03/09/24,04:05 PM,04:05 PM,FALSE,TRUE,03/09/24,12:05 PM,12:05 PM,FREE,BUSY
03/10/24,01:07 PM,01:07 PM,Orioles at Blue Jays,TD Ballpark - Dunedin,"",03/10/24,03/10/24,04:07 PM,04:07 PM,FALSE,TRUE,03/10/24,12:07 PM,12:07 PM,FREE,BUSY
03/10/24,01:05 PM,01:05 PM,Blue Jays at Orioles,Ed Smith Stadium - Sarasota,"Local Radio: 98 Rock FM/WBAL NewsRadio FM/AM",03/10/24,03/10/24,04:05 PM,04:05 PM,FALSE,TRUE,03/10/24,12:05 PM,12:05 PM,FREE,BUSY
03/11/24,01:05 PM,01:05 PM,Orioles at Yankees,George M. Steinbrenner Field - Tampa,"Local TV: MASN",03/11/24,03/11/24,04:05 PM,04:05 PM,FALSE,TRUE,03/11/24,12:05 PM,12:05 PM,FREE,BUSY
03/12/24,01:05 PM,01:05 PM,Rays at Orioles,Ed Smith Stadium - Sarasota,"",03/12/24,03/12/24,04:05 PM,04:05 PM,FALSE,TRUE,03/12/24,12:05 PM,12:05 PM,FREE,BUSY
03/13/24,06:05 PM,06:05 PM,Braves at Orioles,Ed Smith Stadium - Sarasota,"",03/13/24,03/13/24,09:05 PM,09:05 PM,FALSE,TRUE,03/13/24,05:05 PM,05:05 PM,FREE,BUSY
03/14/24,03:05 PM,03:05 PM,Orioles at Pirates,LECOM Park - Bradenton,"",03/14/24,03/14/24,06:05 PM,06:05 PM,FALSE,TRUE,03/14/24,02:05 PM,02:05 PM,FREE,BUSY
03/15/24,01:05 PM,01:05 PM,Orioles at Rays,Charlotte Sports Park - Port Charlotte,"",03/15/24,03/15/24,04:05 PM,04:05 PM,FALSE,TRUE,03/15/24,12:05 PM,12:05 PM,FREE,BUSY
03/16/24,01:05 PM,01:05 PM,Red Sox at Orioles,Ed Smith Stadium - Sarasota,"Local Radio: 98 Rock FM/WBAL NewsRadio FM/AM",03/16/24,03/16/24,04:05 PM,04:05 PM,FALSE,TRUE,03/16/24,12:05 PM,12:05 PM,FREE,BUSY
03/17/24,01:05 PM,01:05 PM,Braves at Orioles,Ed Smith Stadium - Sarasota,"Local Radio: 98 Rock FM/WBAL NewsRadio FM/AM",03/17/24,03/17/24,04:05 PM,04:05 PM,FALSE,TRUE,03/17/24,12:05 PM,12:05 PM,FREE,BUSY
03/17/24,01:05 PM,01:05 PM,Orioles at Tigers,Publix Field at Joker Marchant Stadium - Lakeland,"",03/17/24,03/17/24,04:05 PM,04:05 PM,FALSE,TRUE,03/17/24,12:05 PM,12:05 PM,FREE,BUSY
03/19/24,01:07 PM,01:07 PM,Orioles at Blue Jays,TD Ballpark - Dunedin,"Local TV: MASN",03/19/24,03/19/24,04:07 PM,04:07 PM,FALSE,TRUE,03/19/24,12:07 PM,12:07 PM,FREE,BUSY
03/20/24,06:05 PM,06:05 PM,Phillies at Orioles,Ed Smith Stadium - Sarasota,"Local TV: MASN",03/20/24,03/20/24,09:05 PM,09:05 PM,FALSE,TRUE,03/20/24,05:05 PM,05:05 PM,FREE,BUSY
03/21/24,06:05 PM,06:05 PM,Orioles at Red Sox,JetBlue Park - Ft. Myers,"Local TV: MASN",03/21/24,03/21/24,09:05 PM,09:05 PM,FALSE,TRUE,03/21/24,05:05 PM,05:05 PM,FREE,BUSY
03/23/24,01:05 PM,01:05 PM,Orioles at Rays,Charlotte Sports Park - Port Charlotte,"",03/23/24,03/23/24,04:05 PM,04:05 PM,FALSE,TRUE,03/23/24,12:05 PM,12:05 PM,FREE,BUSY
03/23/24,06:05 PM,06:05 PM,Blue Jays at Orioles,Ed Smith Stadium - Sarasota,"Local TV: MASN ----- Local Radio: 98 Rock FM/WBAL NewsRadio FM/AM",03/23/24,03/23/24,09:05 PM,09:05 PM,FALSE,TRUE,03/23/24,05:05 PM,05:05 PM,FREE,BUSY
03/24/24,01:05 PM,01:05 PM,Orioles at Twins,Lee Health Sports Complex - Fort Myers,"Local Radio: 98 Rock FM/WBAL NewsRadio FM/AM",03/24/24,03/24/24,04:05 PM,04:05 PM,FALSE,TRUE,03/24/24,12:05 PM,12:05 PM,FREE,BUSY
03/28/24,03:05 PM,03:05 PM,Angels at Orioles,Oriole Park at Camden Yards - Baltimore,"Local TV: MASN ----- Local Radio: 98 Rock FM/HD2 97.9- WBAL NewsRadio AM/FM",03/28/24,03/28/24,06:05 PM,06:05 PM,FALSE,TRUE,03/28/24,02:05 PM,02:05 PM,FREE,BUSY
03/30/24,04:05 PM,04:05 PM,Angels at Orioles,Oriole Park at Camden Yards - Baltimore,"Local TV: MASN ----- Local Radio: 98 Rock FM/HD2 97.9- WBAL NewsRadio AM/FM",03/30/24,03/30/24,07:05 PM,07:05 PM,FALSE,TRUE,03/30/24,03:05 PM,03:05 PM,FREE,BUSY
03/31/24,01:35 PM,01:35 PM,Angels at Orioles,Oriole Park at Camden Yards - Baltimore,"Local TV: MASN ----- Local Radio: 98 Rock FM/HD2 97.9- WBAL NewsRadio AM/FM",03/31/24,03/31/24,04:35 PM,04:35 PM,FALSE,TRUE,03/31/24,12:35 PM,12:35 PM,FREE,BUSY
04/01/24,06:35 PM,06:35 PM,Royals at Orioles,Oriole Park at Camden Yards - Baltimore,"Local TV: MASN 2 ----- Local Radio: 98 Rock FM/HD2 97.9- WBAL NewsRadio AM/FM",04/01/24,04/01/24,09:35 PM,09:35 PM,FALSE,TRUE,04/01/24,05:35 PM,05:35 PM,FREE,BUSY
04/02/24,06:35 PM,06:35 PM,Royals at Orioles,Oriole Park at Camden Yards - Baltimore,"Local TV: MASN ----- Local Radio: 98 Rock FM/HD2 97.9- WBAL NewsRadio AM/FM",04/02/24,04/02/24,09:35 PM,09:35 PM,FALSE,TRUE,04/02/24,05:35 PM,05:35 PM,FREE,BUSY
04/03/24,01:05 PM,01:05 PM,Royals at Orioles,Oriole Park at Camden Yards - Baltimore,"Local TV: MASN ----- Local Radio: 98 Rock FM/HD2 97.9- WBAL NewsRadio AM/FM",04/03/24,04/03/24,04:05 PM,04:05 PM,FALSE,TRUE,04/03/24,12:05 PM,12:05 PM,FREE,BUSY
04/05/24,04:12 PM,04:12 PM,Orioles at Pirates,PNC Park - Pittsburgh,"Local TV: MASN 2 ----- Local Radio: 98 Rock FM/HD2 97.9- WBAL NewsRadio AM/FM",04/05/24,04/05/24,07:12 PM,07:12 PM,FALSE,TRUE,04/05/24,03:12 PM,03:12 PM,FREE,BUSY
04/06/24,04:05 PM,04:05 PM,Orioles at Pirates,PNC Park - Pittsburgh,"Local TV: MASN 2 ----- Local Radio: 98 Rock FM/HD2 97.9- WBAL NewsRadio AM/FM",04/06/24,04/06/24,07:05 PM,07:05 PM,FALSE,TRUE,04/06/24,03:05 PM,03:05 PM,FREE,BUSY
04/07/24,01:35 PM,01:35 PM,Orioles at Pirates,PNC Park - Pittsburgh,"Local TV: MASN 2 ----- Local Radio: 98 Rock FM/HD2 97.9- WBAL NewsRadio AM/FM",04/07/24,04/07/24,04:35 PM,04:35 PM,FALSE,TRUE,04/07/24,12:35 PM,12:35 PM,FREE,BUSY
04/09/24,02:10 PM,02:10 PM,Orioles at Red Sox,Fenway Park - Boston,"Local TV: MASN- MLBN (out-of-market only) ----- Local Radio: 98 Rock FM/HD2 97.9- WBAL NewsRadio AM/FM",04/09/24,04/09/24,05:10 PM,05:10 PM,FALSE,TRUE,04/09/24,01:10 PM,01:10 PM,FREE,BUSY
04/10/24,07:10 PM,07:10 PM,Orioles at Red Sox,Fenway Park - Boston,"Local TV: MASN- MLBN (out-of-market only) ----- Local Radio: 98 Rock FM/HD2 97.9- WBAL NewsRadio AM/FM",04/10/24,04/10/24,10:10 PM,10:10 PM,FALSE,TRUE,04/10/24,06:10 PM,06:10 PM,FREE,BUSY
04/11/24,07:10 PM,07:10 PM,Orioles at Red Sox,Fenway Park - Boston,"Local TV: MASN- MLBN (out-of-market only) ----- Local Radio: 98 Rock FM/HD2 97.9- WBAL NewsRadio AM/FM",04/11/24,04/11/24,10:10 PM,10:10 PM,FALSE,TRUE,04/11/24,06:10 PM,06:10 PM,FREE,BUSY
04/12/24,07:05 PM,07:05 PM,Brewers at Orioles,Oriole Park at Camden Yards - Baltimore,"Local TV: Apple TV+ ----- Local Radio: 98 Rock FM/HD2 97.9- WBAL NewsRadio AM/FM",04/12/24,04/12/24,10:05 PM,10:05 PM,FALSE,TRUE,04/12/24,06:05 PM,06:05 PM,FREE,BUSY
04/13/24,04:05 PM,04:05 PM,Brewers at Orioles,Oriole Park at Camden Yards - Baltimore,"Local TV: MASN ----- Local Radio: 98 Rock FM/HD2 97.9- WBAL NewsRadio AM/FM",04/13/24,04/13/24,07:05 PM,07:05 PM,FALSE,TRUE,04/13/24,03:05 PM,03:05 PM,FREE,BUSY
04/14/24,01:35 PM,01:35 PM,Brewers at Orioles,Oriole Park at Camden Yards - Baltimore,"Local TV: MASN ----- Local Radio: 98 Rock FM/HD2 97.9- WBAL NewsRadio AM/FM",04/14/24,04/14/24,04:35 PM,04:35 PM,FALSE,TRUE,04/14/24,12:35 PM,12:35 PM,FREE,BUSY
04/15/24,06:35 PM,06:35 PM,Twins at Orioles,Oriole Park at Camden Yards - Baltimore,"Local TV: MASN ----- Local Radio: 98 Rock FM/HD2 97.9- WBAL NewsRadio AM/FM",04/15/24,04/15/24,09:35 PM,09:35 PM,FALSE,TRUE,04/15/24,05:35 PM,05:35 PM,FREE,BUSY
04/16/24,06:35 PM,06:35 PM,Twins at Orioles,Oriole Park at Camden Yards - Baltimore,"Local TV: MASN ----- Local Radio: 98 Rock FM/HD2 97.9- WBAL NewsRadio AM/FM",04/16/24,04/16/24,09:35 PM,09:35 PM,FALSE,TRUE,04/16/24,05:35 PM,05:35 PM,FREE,BUSY
04/17/24,01:05 PM,01:05 PM,Twins at Orioles,Oriole Park at Camden Yards - Baltimore,"Local TV: MASN ----- Local Radio: 98 Rock FM/HD2 97.9- WBAL NewsRadio AM/FM",04/17/24,04/17/24,04:05 PM,04:05 PM,FALSE,TRUE,04/17/24,12:05 PM,12:05 PM,FREE,BUSY
04/19/24,07:40 PM,07:40 PM,Orioles at Royals,Kauffman Stadium - Kansas City,"Local TV: MASN 2 ----- Local Radio: 98 Rock FM/HD2 97.9- WBAL NewsRadio AM/FM",04/19/24,04/19/24,10:40 PM,10:40 PM,FALSE,TRUE,04/19/24,06:40 PM,06:40 PM,FREE,BUSY
04/20/24,07:10 PM,07:10 PM,Orioles at Royals,Kauffman Stadium - Kansas City,"Local TV: MASN 2- MLBN (out-of-market only) ----- Local Radio: 98 Rock FM/HD2 97.9- WBAL NewsRadio AM/FM",04/20/24,04/20/24,10:10 PM,10:10 PM,FALSE,TRUE,04/20/24,06:10 PM,06:10 PM,FREE,BUSY
04/21/24,02:10 PM,02:10 PM,Orioles at Royals,Kauffman Stadium - Kansas City,"Local TV: MASN 2 ----- Local Radio: 98 Rock FM/HD2 97.9- WBAL NewsRadio AM/FM",04/21/24,04/21/24,05:10 PM,05:10 PM,FALSE,TRUE,04/21/24,01:10 PM,01:10 PM,FREE,BUSY
04/22/24,09:38 PM,09:38 PM,Orioles at Angels,Angel Stadium - Anaheim,"Local TV: MASN- MLBN (out-of-market only) ----- Local Radio: 98 Rock FM/HD2 97.9- WBAL NewsRadio AM/FM",04/23/24,04/23/24,12:38 AM,12:38 AM,FALSE,TRUE,04/22/24,08:38 PM,08:38 PM,FREE,BUSY
04/23/24,09:38 PM,09:38 PM,Orioles at Angels,Angel Stadium - Anaheim,"Local TV: MASN 2 ----- Local Radio: 98 Rock FM/HD2 97.9- WBAL NewsRadio AM/FM",04/24/24,04/24/24,12:38 AM,12:38 AM,FALSE,TRUE,04/23/24,08:38 PM,08:38 PM,FREE,BUSY
04/24/24,04:07 PM,04:07 PM,Orioles at Angels,Angel Stadium - Anaheim,"Local TV: MASN 2- MLBN (out-of-market only) ----- Local Radio: 98 Rock FM/HD2 97.9- WBAL NewsRadio AM/FM",04/24/24,04/24/24,07:07 PM,07:07 PM,FALSE,TRUE,04/24/24,03:07 PM,03:07 PM,FREE,BUSY
04/26/24,07:05 PM,07:05 PM,Athletics at Orioles,Oriole Park at Camden Yards - Baltimore,"Local TV: MASN ----- Local Radio: 98 Rock FM/HD2 97.9- WBAL NewsRadio AM/FM",04/26/24,04/26/24,10:05 PM,10:05 PM,FALSE,TRUE,04/26/24,06:05 PM,06:05 PM,FREE,BUSY
04/27/24,04:05 PM,04:05 PM,Athletics at Orioles,Oriole Park at Camden Yards - Baltimore,"Local TV: MASN ----- Local Radio: 98 Rock FM/HD2 97.9- WBAL NewsRadio AM/FM",04/27/24,04/27/24,07:05 PM,07:05 PM,FALSE,TRUE,04/27/24,03:05 PM,03:05 PM,FREE,BUSY
04/28/24,01:35 PM,01:35 PM,Athletics at Orioles,Oriole Park at Camden Yards - Baltimore,"Local TV: MASN ----- Local Radio: 98 Rock FM/HD2 97.9- WBAL NewsRadio AM/FM",04/28/24,04/28/24,04:35 PM,04:35 PM,FALSE,TRUE,04/28/24,12:35 PM,12:35 PM,FREE,BUSY
04/29/24,06:35 PM,06:35 PM,Yankees at Orioles,Oriole Park at Camden Yards - Baltimore,"Local TV: MASN ----- Local Radio: 98 Rock FM/HD2 97.9- WBAL NewsRadio AM/FM",04/29/24,04/29/24,09:35 PM,09:35 PM,FALSE,TRUE,04/29/24,05:35 PM,05:35 PM,FREE,BUSY
04/30/24,06:35 PM,06:35 PM,Yankees at Orioles,Oriole Park at Camden Yards - Baltimore,"Local TV: MASN ----- Local Radio: 98 Rock FM/HD2 97.9- WBAL NewsRadio AM/FM",04/30/24,04/30/24,09:35 PM,09:35 PM,FALSE,TRUE,04/30/24,05:35 PM,05:35 PM,FREE,BUSY
05/01/24,06:35 PM,06:35 PM,Yankees at Orioles,Oriole Park at Camden Yards - Baltimore,"Local TV: MASN ----- Local Radio: 98 Rock FM/HD2 97.9- WBAL NewsRadio AM/FM",05/01/24,05/01/24,09:35 PM,09:35 PM,FALSE,TRUE,05/01/24,05:35 PM,05:35 PM,FREE,BUSY
05/02/24,01:05 PM,01:05 PM,Yankees at Orioles,Oriole Park at Camden Yards - Baltimore,"Local TV: MASN- MLBN (out-of-market only) ----- Local Radio: 98 Rock FM/HD2 97.9- WBAL NewsRadio AM/FM",05/02/24,05/02/24,04:05 PM,04:05 PM,FALSE,TRUE,05/02/24,12:05 PM,12:05 PM,FREE,BUSY
05/03/24,06:10 PM,06:10 PM,Orioles at Reds,Great American Ball Park - Cincinnati,"Local TV: MASN ----- Local Radio: 98 Rock FM/HD2 97.9- WBAL NewsRadio AM/FM",05/03/24,05/03/24,09:10 PM,09:10 PM,FALSE,TRUE,05/03/24,05:10 PM,05:10 PM,FREE,BUSY
05/04/24,06:40 PM,06:40 PM,Orioles at Reds,Great American Ball Park - Cincinnati,"Local TV: MASN 2 ----- Local Radio: 98 Rock FM/HD2 97.9- WBAL NewsRadio AM/FM",05/04/24,05/04/24,09:40 PM,09:40 PM,FALSE,TRUE,05/04/24,05:40 PM,05:40 PM,FREE,BUSY
05/05/24,04:10 PM,04:10 PM,Orioles at Reds,Great American Ball Park - Cincinnati,"Local TV: MASN 2 ----- Local Radio: 98 Rock FM/HD2 97.9- WBAL NewsRadio AM/FM",05/05/24,05/05/24,07:10 PM,07:10 PM,FALSE,TRUE,05/05/24,03:10 PM,03:10 PM,FREE,BUSY
05/07/24,06:45 PM,06:45 PM,Orioles at Nationals,Nationals Park - Washington,"Local TV: MASN 2 ----- Local Radio: 98 Rock FM/HD2 97.9- WBAL NewsRadio AM/FM",05/07/24,05/07/24,09:45 PM,09:45 PM,FALSE,TRUE,05/07/24,05:45 PM,05:45 PM,FREE,BUSY
05/08/24,06:45 PM,06:45 PM,Orioles at Nationals,Nationals Park - Washington,"Local TV: MASN 2 ----- Local Radio: 98 Rock FM/HD2 97.9- WBAL NewsRadio AM/FM",05/08/24,05/08/24,09:45 PM,09:45 PM,FALSE,TRUE,05/08/24,05:45 PM,05:45 PM,FREE,BUSY
05/10/24,07:05 PM,07:05 PM,D-backs at Orioles,Oriole Park at Camden Yards - Baltimore,"Local TV: Apple TV+ ----- Local Radio: 98 Rock FM/HD2 97.9- WBAL NewsRadio AM/FM",05/10/24,05/10/24,10:05 PM,10:05 PM,FALSE,TRUE,05/10/24,06:05 PM,06:05 PM,FREE,BUSY
05/11/24,04:05 PM,04:05 PM,D-backs at Orioles,Oriole Park at Camden Yards - Baltimore,"Local TV: MASN 2 ----- Local Radio: 98 Rock FM/HD2 97.9- WBAL NewsRadio AM/FM",05/11/24,05/11/24,07:05 PM,07:05 PM,FALSE,TRUE,05/11/24,03:05 PM,03:05 PM,FREE,BUSY
05/12/24,01:35 PM,01:35 PM,D-backs at Orioles,Oriole Park at Camden Yards - Baltimore,"Local TV: MASN 2 ----- Local Radio: 98 Rock FM/HD2 97.9- WBAL NewsRadio AM/FM",05/12/24,05/12/24,04:35 PM,04:35 PM,FALSE,TRUE,05/12/24,12:35 PM,12:35 PM,FREE,BUSY
05/13/24,06:35 PM,06:35 PM,Blue Jays at Orioles,Oriole Park at Camden Yards - Baltimore,"Local TV: MASN ----- Local Radio: 98 Rock FM/HD2 97.9- WBAL NewsRadio AM/FM",05/13/24,05/13/24,09:35 PM,09:35 PM,FALSE,TRUE,05/13/24,05:35 PM,05:35 PM,FREE,BUSY
05/14/24,06:35 PM,06:35 PM,Blue Jays at Orioles,Oriole Park at Camden Yards - Baltimore,"Local TV: MASN ----- Local Radio: 98 Rock FM/HD2 97.9- WBAL NewsRadio AM/FM",05/14/24,05/14/24,09:35 PM,09:35 PM,FALSE,TRUE,05/14/24,05:35 PM,05:35 PM,FREE,BUSY
05/15/24,12:35 PM,12:35 PM,Blue Jays at Orioles,Oriole Park at Camden Yards - Baltimore,"Local TV: MASN- MLBN (out-of-market only) ----- Local Radio: 98 Rock FM/HD2 97.9- WBAL NewsRadio AM/FM",05/15/24,05/15/24,03:35 PM,03:35 PM,FALSE,TRUE,05/15/24,11:35 AM,11:35 AM,FREE,BUSY
05/17/24,07:05 PM,07:05 PM,Mariners at Orioles,Oriole Park at Camden Yards - Baltimore,"Local TV: MASN 2 ----- Local Radio: 98 Rock FM/HD2 97.9- WBAL NewsRadio AM/FM",05/17/24,05/17/24,10:05 PM,10:05 PM,FALSE,TRUE,05/17/24,06:05 PM,06:05 PM,FREE,BUSY
05/18/24,04:05 PM,04:05 PM,Mariners at Orioles,Oriole Park at Camden Yards - Baltimore,"Local TV: MASN 2- FS1 ----- Local Radio: 98 Rock FM/HD2 97.9- WBAL NewsRadio AM/FM",05/18/24,05/18/24,07:05 PM,07:05 PM,FALSE,TRUE,05/18/24,03:05 PM,03:05 PM,FREE,BUSY
05/19/24,01:35 PM,01:35 PM,Mariners at Orioles,Oriole Park at Camden Yards - Baltimore,"Local TV: MASN 2- MLBN (out-of-market only) ----- Local Radio: 98 Rock FM/HD2 97.9- WBAL NewsRadio AM/FM",05/19/24,05/19/24,04:35 PM,04:35 PM,FALSE,TRUE,05/19/24,12:35 PM,12:35 PM,FREE,BUSY
05/20/24,07:45 PM,07:45 PM,Orioles at Cardinals,Busch Stadium - St. Louis,"Local TV: MASN 2 ----- Local Radio: 98 Rock FM/HD2 97.9- WBAL NewsRadio AM/FM",05/20/24,05/20/24,10:45 PM,10:45 PM,FALSE,TRUE,05/20/24,06:45 PM,06:45 PM,FREE,BUSY
05/21/24,07:45 PM,07:45 PM,Orioles at Cardinals,Busch Stadium - St. Louis,"Local TV: MASN 2 ----- Local Radio: 98 Rock FM/HD2 97.9- WBAL NewsRadio AM/FM",05/21/24,05/21/24,10:45 PM,10:45 PM,FALSE,TRUE,05/21/24,06:45 PM,06:45 PM,FREE,BUSY
05/22/24,01:15 PM,01:15 PM,Orioles at Cardinals,Busch Stadium - St. Louis,"Local TV: MASN 2- MLBN (out-of-market only) ----- Local Radio: 98 Rock FM/HD2 97.9- WBAL NewsRadio AM/FM",05/22/24,05/22/24,04:15 PM,04:15 PM,FALSE,TRUE,05/22/24,12:15 PM,12:15 PM,FREE,BUSY
05/23/24,07:40 PM,07:40 PM,Orioles at White Sox,Guaranteed Rate Field - Chicago,"Local TV: MASN- MLBN (out-of-market only) ----- Local Radio: 98 Rock FM/HD2 97.9- WBAL NewsRadio AM/FM",05/23/24,05/23/24,10:40 PM,10:40 PM,FALSE,TRUE,05/23/24,06:40 PM,06:40 PM,FREE,BUSY
05/24/24,07:40 PM,07:40 PM,Orioles at White Sox,Guaranteed Rate Field - Chicago,"Local TV: Apple TV+ ----- Local Radio: 98 Rock FM/HD2 97.9- WBAL NewsRadio AM/FM",05/24/24,05/24/24,10:40 PM,10:40 PM,FALSE,TRUE,05/24/24,06:40 PM,06:40 PM,FREE,BUSY
05/25/24,02:10 PM,02:10 PM,Orioles at White Sox,Guaranteed Rate Field - Chicago,"Local TV: MASN ----- Local Radio: 98 Rock FM/HD2 97.9- WBAL NewsRadio AM/FM",05/25/24,05/25/24,05:10 PM,05:10 PM,FALSE,TRUE,05/25/24,01:10 PM,01:10 PM,FREE,BUSY
05/26/24,02:10 PM,02:10 PM,Orioles at White Sox,Guaranteed Rate Field - Chicago,"Local TV: MASN ----- Local Radio: 98 Rock FM/HD2 97.9- WBAL NewsRadio AM/FM",05/26/24,05/26/24,05:10 PM,05:10 PM,FALSE,TRUE,05/26/24,01:10 PM,01:10 PM,FREE,BUSY
05/27/24,01:05 PM,01:05 PM,Red Sox at Orioles,Oriole Park at Camden Yards - Baltimore,"Local TV: MASN ----- Local Radio: 98 Rock FM/HD2 97.9- WBAL NewsRadio AM/FM",05/27/24,05/27/24,04:05 PM,04:05 PM,FALSE,TRUE,05/27/24,12:05 PM,12:05 PM,FREE,BUSY
05/28/24,06:35 PM,06:35 PM,Red Sox at Orioles,Oriole Park at Camden Yards - Baltimore,"Local TV: MASN ----- Local Radio: 98 Rock FM/HD2 97.9- WBAL NewsRadio AM/FM",05/28/24,05/28/24,09:35 PM,09:35 PM,FALSE,TRUE,05/28/24,05:35 PM,05:35 PM,FREE,BUSY
05/29/24,06:35 PM,06:35 PM,Red Sox at Orioles,Oriole Park at Camden Yards - Baltimore,"Local TV: MASN ----- Local Radio: 98 Rock FM/HD2 97.9- WBAL NewsRadio AM/FM",05/29/24,05/29/24,09:35 PM,09:35 PM,FALSE,TRUE,05/29/24,05:35 PM,05:35 PM,FREE,BUSY
05/31/24,07:05 PM,07:05 PM,Rays at Orioles,Oriole Park at Camden Yards - Baltimore,"Local TV: MASN 2 ----- Local Radio: 98 Rock FM/HD2 97.9- WBAL NewsRadio AM/FM",05/31/24,05/31/24,10:05 PM,10:05 PM,FALSE,TRUE,05/31/24,06:05 PM,06:05 PM,FREE,BUSY
06/01/24,04:05 PM,04:05 PM,Rays at Orioles,Oriole Park at Camden Yards - Baltimore,"Local TV: MASN 2 ----- Local Radio: 98 Rock FM/HD2 97.9- WBAL NewsRadio AM/FM",06/01/24,06/01/24,07:05 PM,07:05 PM,FALSE,TRUE,06/01/24,03:05 PM,03:05 PM,FREE,BUSY
06/02/24,01:35 PM,01:35 PM,Rays at Orioles,Oriole Park at Camden Yards - Baltimore,"Local TV: MASN 2 ----- Local Radio: 98 Rock FM/HD2 97.9- WBAL NewsRadio AM/FM",06/02/24,06/02/24,04:35 PM,04:35 PM,FALSE,TRUE,06/02/24,12:35 PM,12:35 PM,FREE,BUSY
06/03/24,07:07 PM,07:07 PM,Orioles at Blue Jays,Rogers Centre - Toronto,"Local TV: MASN 2 ----- Local Radio: 98 Rock FM/HD2 97.9- WBAL NewsRadio AM/FM",06/03/24,06/03/24,10:07 PM,10:07 PM,FALSE,TRUE,06/03/24,06:07 PM,06:07 PM,FREE,BUSY
06/04/24,07:07 PM,07:07 PM,Orioles at Blue Jays,Rogers Centre - Toronto,"Local TV: MASN 2 ----- Local Radio: 98 Rock FM/HD2 97.9- WBAL NewsRadio AM/FM",06/04/24,06/04/24,10:07 PM,10:07 PM,FALSE,TRUE,06/04/24,06:07 PM,06:07 PM,FREE,BUSY
06/05/24,07:07 PM,07:07 PM,Orioles at Blue Jays,Rogers Centre - Toronto,"Local TV: MASN 2 ----- Local Radio: 98 Rock FM/HD2 97.9- WBAL NewsRadio AM/FM",06/05/24,06/05/24,10:07 PM,10:07 PM,FALSE,TRUE,06/05/24,06:07 PM,06:07 PM,FREE,BUSY
06/06/24,01:07 PM,01:07 PM,Orioles at Blue Jays,Rogers Centre - Toronto,"Local TV: MASN ----- Local Radio: 98 Rock FM/HD2 97.9- WBAL NewsRadio AM/FM",06/06/24,06/06/24,04:07 PM,04:07 PM,FALSE,TRUE,06/06/24,12:07 PM,12:07 PM,FREE,BUSY
06/07/24,06:50 PM,06:50 PM,Orioles at Rays,Tropicana Field - St. Petersburg,"Local TV: MASN 2 ----- Local Radio: 98 Rock FM/HD2 97.9- WBAL NewsRadio AM/FM",06/07/24,06/07/24,09:50 PM,09:50 PM,FALSE,TRUE,06/07/24,05:50 PM,05:50 PM,FREE,BUSY
06/08/24,04:10 PM,04:10 PM,Orioles at Rays,Tropicana Field - St. Petersburg,"Local TV: MASN 2 ----- Local Radio: 98 Rock FM/HD2 97.9- WBAL NewsRadio AM/FM",06/08/24,06/08/24,07:10 PM,07:10 PM,FALSE,TRUE,06/08/24,03:10 PM,03:10 PM,FREE,BUSY
06/09/24,01:40 PM,01:40 PM,Orioles at Rays,Tropicana Field - St. Petersburg,"Local TV: MASN 2 ----- Local Radio: 98 Rock FM/HD2 97.9- WBAL NewsRadio AM/FM",06/09/24,06/09/24,04:40 PM,04:40 PM,FALSE,TRUE,06/09/24,12:40 PM,12:40 PM,FREE,BUSY
06/10/24,06:50 PM,06:50 PM,Orioles at Rays,Tropicana Field - St. Petersburg,"Local TV: MASN- FS1 ----- Local Radio: 98 Rock FM/HD2 97.9- WBAL NewsRadio AM/FM",06/10/24,06/10/24,09:50 PM,09:50 PM,FALSE,TRUE,06/10/24,05:50 PM,05:50 PM,FREE,BUSY
06/11/24,06:35 PM,06:35 PM,Braves at Orioles,Oriole Park at Camden Yards - Baltimore,"Local TV: MASN ----- Local Radio: 98 Rock FM/HD2 97.9- WBAL NewsRadio AM/FM",06/11/24,06/11/24,09:35 PM,09:35 PM,FALSE,TRUE,06/11/24,05:35 PM,05:35 PM,FREE,BUSY
06/12/24,06:35 PM,06:35 PM,Braves at Orioles,Oriole Park at Camden Yards - Baltimore,"Local TV: MASN ----- Local Radio: 98 Rock FM/HD2 97.9- WBAL NewsRadio AM/FM",06/12/24,06/12/24,09:35 PM,09:35 PM,FALSE,TRUE,06/12/24,05:35 PM,05:35 PM,FREE,BUSY
06/13/24,01:05 PM,01:05 PM,Braves at Orioles,Oriole Park at Camden Yards - Baltimore,"Local TV: MASN ----- Local Radio: 98 Rock FM/HD2 97.9- WBAL NewsRadio AM/FM",06/13/24,06/13/24,04:05 PM,04:05 PM,FALSE,TRUE,06/13/24,12:05 PM,12:05 PM,FREE,BUSY
06/14/24,07:05 PM,07:05 PM,Phillies at Orioles,Oriole Park at Camden Yards - Baltimore,"Local TV: MASN ----- Local Radio: 98 Rock FM/HD2 97.9- WBAL NewsRadio AM/FM",06/14/24,06/14/24,10:05 PM,10:05 PM,FALSE,TRUE,06/14/24,06:05 PM,06:05 PM,FREE,BUSY
06/15/24,04:05 PM,04:05 PM,Phillies at Orioles,Oriole Park at Camden Yards - Baltimore,"Local TV: MASN ----- Local Radio: 98 Rock FM/HD2 97.9- WBAL NewsRadio AM/FM",06/15/24,06/15/24,07:05 PM,07:05 PM,FALSE,TRUE,06/15/24,03:05 PM,03:05 PM,FREE,BUSY
06/16/24,01:35 PM,01:35 PM,Phillies at Orioles,Oriole Park at Camden Yards - Baltimore,"Local TV: MASN ----- Local Radio: 98 Rock FM/HD2 97.9- WBAL NewsRadio AM/FM",06/16/24,06/16/24,04:35 PM,04:35 PM,FALSE,TRUE,06/16/24,12:35 PM,12:35 PM,FREE,BUSY
06/18/24,07:05 PM,07:05 PM,Orioles at Yankees,Yankee Stadium - Bronx,"Local TV: MASN- TBS ----- Local Radio: 98 Rock FM/HD2 97.9- WBAL NewsRadio AM/FM",06/18/24,06/18/24,10:05 PM,10:05 PM,FALSE,TRUE,06/18/24,06:05 PM,06:05 PM,FREE,BUSY
06/19/24,07:05 PM,07:05 PM,Orioles at Yankees,Yankee Stadium - Bronx,"Local TV: MASN ----- Local Radio: 98 Rock FM/HD2 97.9- WBAL NewsRadio AM/FM",06/19/24,06/19/24,10:05 PM,10:05 PM,FALSE,TRUE,06/19/24,06:05 PM,06:05 PM,FREE,BUSY
06/20/24,04:05 PM,04:05 PM,Orioles at Yankees,Yankee Stadium - Bronx,"Local TV: MASN ----- Local Radio: 98 Rock FM/HD2 97.9- WBAL NewsRadio AM/FM",06/20/24,06/20/24,07:05 PM,07:05 PM,FALSE,TRUE,06/20/24,03:05 PM,03:05 PM,FREE,BUSY
06/21/24,08:10 PM,08:10 PM,Orioles at Astros,Minute Maid Park - Houston,"Local TV: MASN ----- Local Radio: 98 Rock FM/HD2 97.9- WBAL NewsRadio AM/FM",06/21/24,06/21/24,11:10 PM,11:10 PM,FALSE,TRUE,06/21/24,07:10 PM,07:10 PM,FREE,BUSY
06/22/24,04:10 PM,04:10 PM,Orioles at Astros,Minute Maid Park - Houston,"Local TV: MASN ----- Local Radio: 98 Rock FM/HD2 97.9- WBAL NewsRadio AM/FM",06/22/24,06/22/24,07:10 PM,07:10 PM,FALSE,TRUE,06/22/24,03:10 PM,03:10 PM,FREE,BUSY
06/23/24,02:10 PM,02:10 PM,Orioles at Astros,Minute Maid Park - Houston,"Local TV: MASN ----- Local Radio: 98 Rock FM/HD2 97.9- WBAL NewsRadio AM/FM",06/23/24,06/23/24,05:10 PM,05:10 PM,FALSE,TRUE,06/23/24,01:10 PM,01:10 PM,FREE,BUSY
06/24/24,06:35 PM,06:35 PM,Guardians at Orioles,Oriole Park at Camden Yards - Baltimore,"Local TV: MASN ----- Local Radio: 98 Rock FM/HD2 97.9- WBAL NewsRadio AM/FM",06/24/24,06/24/24,09:35 PM,09:35 PM,FALSE,TRUE,06/24/24,05:35 PM,05:35 PM,FREE,BUSY
06/25/24,06:35 PM,06:35 PM,Guardians at Orioles,Oriole Park at Camden Yards - Baltimore,"Local TV: MASN ----- Local Radio: 98 Rock FM/HD2 97.9- WBAL NewsRadio AM/FM",06/25/24,06/25/24,09:35 PM,09:35 PM,FALSE,TRUE,06/25/24,05:35 PM,05:35 PM,FREE,BUSY
06/26/24,06:35 PM,06:35 PM,Guardians at Orioles,Oriole Park at Camden Yards - Baltimore,"Local TV: MASN ----- Local Radio: 98 Rock FM/HD2 97.9- WBAL NewsRadio AM/FM",06/26/24,06/26/24,09:35 PM,09:35 PM,FALSE,TRUE,06/26/24,05:35 PM,05:35 PM,FREE,BUSY
06/27/24,06:35 PM,06:35 PM,Rangers at Orioles,Oriole Park at Camden Yards - Baltimore,"Local TV: MASN ----- Local Radio: 98 Rock FM/HD2 97.9- WBAL NewsRadio AM/FM",06/27/24,06/27/24,09:35 PM,09:35 PM,FALSE,TRUE,06/27/24,05:35 PM,05:35 PM,FREE,BUSY
06/28/24,07:05 PM,07:05 PM,Rangers at Orioles,Oriole Park at Camden Yards - Baltimore,"Local TV: MASN ----- Local Radio: 98 Rock FM/HD2 97.9- WBAL NewsRadio AM/FM",06/28/24,06/28/24,10:05 PM,10:05 PM,FALSE,TRUE,06/28/24,06:05 PM,06:05 PM,FREE,BUSY
06/29/24,07:15 PM,07:15 PM,Rangers at Orioles,Oriole Park at Camden Yards - Baltimore,"Local TV: FOX ----- Local Radio: 98 Rock FM/HD2 97.9- WBAL NewsRadio AM/FM",06/29/24,06/29/24,10:15 PM,10:15 PM,FALSE,TRUE,06/29/24,06:15 PM,06:15 PM,FREE,BUSY
06/30/24,01:35 PM,01:35 PM,Rangers at Orioles,Oriole Park at Camden Yards - Baltimore,"Local TV: MASN 2 ----- Local Radio: 98 Rock FM/HD2 97.9- WBAL NewsRadio AM/FM",06/30/24,06/30/24,04:35 PM,04:35 PM,FALSE,TRUE,06/30/24,12:35 PM,12:35 PM,FREE,BUSY
07/02/24,09:40 PM,09:40 PM,Orioles at Mariners,T-Mobile Park - Seattle,"Local TV: MASN 2 ----- Local Radio: 98 Rock FM/HD2 97.9- WBAL NewsRadio AM/FM",07/03/24,07/03/24,12:40 AM,12:40 AM,FALSE,TRUE,07/02/24,08:40 PM,08:40 PM,FREE,BUSY
07/03/24,10:10 PM,10:10 PM,Orioles at Mariners,T-Mobile Park - Seattle,"Local TV: MASN 2 ----- Local Radio: 98 Rock FM/HD2 97.9- WBAL NewsRadio AM/FM",07/04/24,07/04/24,01:10 AM,01:10 AM,FALSE,TRUE,07/03/24,09:10 PM,09:10 PM,FREE,BUSY
07/04/24,04:10 PM,04:10 PM,Orioles at Mariners,T-Mobile Park - Seattle,"Local TV: MASN 2 ----- Local Radio: 98 Rock FM/HD2 97.9- WBAL NewsRadio AM/FM",07/04/24,07/04/24,07:10 PM,07:10 PM,FALSE,TRUE,07/04/24,03:10 PM,03:10 PM,FREE,BUSY
07/05/24,09:40 PM,09:40 PM,Orioles at Athletics,Oakland Coliseum - Oakland,"Local TV: MASN 2 ----- Local Radio: 98 Rock FM/HD2 97.9- WBAL NewsRadio AM/FM",07/06/24,07/06/24,12:40 AM,12:40 AM,FALSE,TRUE,07/05/24,08:40 PM,08:40 PM,FREE,BUSY
07/06/24,04:07 PM,04:07 PM,Orioles at Athletics,Oakland Coliseum - Oakland,"Local TV: MASN 2 ----- Local Radio: 98 Rock FM/HD2 97.9- WBAL NewsRadio AM/FM",07/06/24,07/06/24,07:07 PM,07:07 PM,FALSE,TRUE,07/06/24,03:07 PM,03:07 PM,FREE,BUSY
07/07/24,04:07 PM,04:07 PM,Orioles at Athletics,Oakland Coliseum - Oakland,"Local TV: MASN 2 ----- Local Radio: 98 Rock FM/HD2 97.9- WBAL NewsRadio AM/FM",07/07/24,07/07/24,07:07 PM,07:07 PM,FALSE,TRUE,07/07/24,03:07 PM,03:07 PM,FREE,BUSY
07/09/24,06:35 PM,06:35 PM,Cubs at Orioles,Oriole Park at Camden Yards - Baltimore,"Local TV: MASN 2 ----- Local Radio: 98 Rock FM/HD2 97.9- WBAL NewsRadio AM/FM",07/09/24,07/09/24,09:35 PM,09:35 PM,FALSE,TRUE,07/09/24,05:35 PM,05:35 PM,FREE,BUSY
07/10/24,06:35 PM,06:35 PM,Cubs at Orioles,Oriole Park at Camden Yards - Baltimore,"Local TV: MASN 2 ----- Local Radio: 98 Rock FM/HD2 97.9- WBAL NewsRadio AM/FM",07/10/24,07/10/24,09:35 PM,09:35 PM,FALSE,TRUE,07/10/24,05:35 PM,05:35 PM,FREE,BUSY
07/11/24,06:35 PM,06:35 PM,Cubs at Orioles,Oriole Park at Camden Yards - Baltimore,"Local TV: MASN ----- Local Radio: 98 Rock FM/HD2 97.9- WBAL NewsRadio AM/FM",07/11/24,07/11/24,09:35 PM,09:35 PM,FALSE,TRUE,07/11/24,05:35 PM,05:35 PM,FREE,BUSY
07/12/24,07:05 PM,07:05 PM,Yankees at Orioles,Oriole Park at Camden Yards - Baltimore,"Local TV: MASN ----- Local Radio: 98 Rock FM/HD2 97.9- WBAL NewsRadio AM/FM",07/12/24,07/12/24,10:05 PM,10:05 PM,FALSE,TRUE,07/12/24,06:05 PM,06:05 PM,FREE,BUSY
07/13/24,04:05 PM,04:05 PM,Yankees at Orioles,Oriole Park at Camden Yards - Baltimore,"Local TV: MASN- FS1 ----- Local Radio: 98 Rock FM/HD2 97.9- WBAL NewsRadio AM/FM",07/13/24,07/13/24,07:05 PM,07:05 PM,FALSE,TRUE,07/13/24,03:05 PM,03:05 PM,FREE,BUSY
07/14/24,01:35 PM,01:35 PM,Yankees at Orioles,Oriole Park at Camden Yards - Baltimore,"Local TV: MASN ----- Local Radio: 98 Rock FM/HD2 97.9- WBAL NewsRadio AM/FM",07/14/24,07/14/24,04:35 PM,04:35 PM,FALSE,TRUE,07/14/24,12:35 PM,12:35 PM,FREE,BUSY
07/19/24,08:05 PM,08:05 PM,Orioles at Rangers,Globe Life Field - Arlington,"Local TV: MASN 2 ----- Local Radio: 98 Rock FM/HD2 97.9- WBAL NewsRadio AM/FM",07/19/24,07/19/24,11:05 PM,11:05 PM,FALSE,TRUE,07/19/24,07:05 PM,07:05 PM,FREE,BUSY
07/20/24,07:05 PM,07:05 PM,Orioles at Rangers,Globe Life Field - Arlington,"Local TV: MASN 2 ----- Local Radio: 98 Rock FM/HD2 97.9- WBAL NewsRadio AM/FM",07/20/24,07/20/24,10:05 PM,10:05 PM,FALSE,TRUE,07/20/24,06:05 PM,06:05 PM,FREE,BUSY
07/21/24,02:35 PM,02:35 PM,Orioles at Rangers,Globe Life Field - Arlington,"Local TV: MASN 2 ----- Local Radio: 98 Rock FM/HD2 97.9- WBAL NewsRadio AM/FM",07/21/24,07/21/24,05:35 PM,05:35 PM,FALSE,TRUE,07/21/24,01:35 PM,01:35 PM,FREE,BUSY
07/23/24,06:40 PM,06:40 PM,Orioles at Marlins,loanDepot park - Miami,"Local TV: MASN ----- Local Radio: 98 Rock FM/HD2 97.9- WBAL NewsRadio AM/FM",07/23/24,07/23/24,09:40 PM,09:40 PM,FALSE,TRUE,07/23/24,05:40 PM,05:40 PM,FREE,BUSY
07/24/24,06:40 PM,06:40 PM,Orioles at Marlins,loanDepot park - Miami,"Local TV: MASN ----- Local Radio: 98 Rock FM/HD2 97.9- WBAL NewsRadio AM/FM",07/24/24,07/24/24,09:40 PM,09:40 PM,FALSE,TRUE,07/24/24,05:40 PM,05:40 PM,FREE,BUSY
07/25/24,12:10 PM,12:10 PM,Orioles at Marlins,loanDepot park - Miami,"Local TV: MASN ----- Local Radio: 98 Rock FM/HD2 97.9- WBAL NewsRadio AM/FM",07/25/24,07/25/24,03:10 PM,03:10 PM,FALSE,TRUE,07/25/24,11:10 AM,11:10 AM,FREE,BUSY
07/26/24,07:05 PM,07:05 PM,Padres at Orioles,Oriole Park at Camden Yards - Baltimore,"Local TV: MASN ----- Local Radio: 98 Rock FM/HD2 97.9- WBAL NewsRadio AM/FM",07/26/24,07/26/24,10:05 PM,10:05 PM,FALSE,TRUE,07/26/24,06:05 PM,06:05 PM,FREE,BUSY
07/27/24,04:05 PM,04:05 PM,Padres at Orioles,Oriole Park at Camden Yards - Baltimore,"Local TV: FS1- MASN ----- Local Radio: 98 Rock FM/HD2 97.9- WBAL NewsRadio AM/FM",07/27/24,07/27/24,07:05 PM,07:05 PM,FALSE,TRUE,07/27/24,03:05 PM,03:05 PM,FREE,BUSY
07/28/24,01:35 PM,01:35 PM,Padres at Orioles,Oriole Park at Camden Yards - Baltimore,"Local TV: MASN ----- Local Radio: 98 Rock FM/HD2 97.9- WBAL NewsRadio AM/FM",07/28/24,07/28/24,04:35 PM,04:35 PM,FALSE,TRUE,07/28/24,12:35 PM,12:35 PM,FREE,BUSY
07/29/24,06:35 PM,06:35 PM,Blue Jays at Orioles,Oriole Park at Camden Yards - Baltimore,"Local TV: MASN ----- Local Radio: 98 Rock FM/HD2 97.9- WBAL NewsRadio AM/FM",07/29/24,07/29/24,09:35 PM,09:35 PM,FALSE,TRUE,07/29/24,05:35 PM,05:35 PM,FREE,BUSY
07/30/24,06:35 PM,06:35 PM,Blue Jays at Orioles,Oriole Park at Camden Yards - Baltimore,"Local TV: MASN ----- Local Radio: 98 Rock FM/HD2 97.9- WBAL NewsRadio AM/FM",07/30/24,07/30/24,09:35 PM,09:35 PM,FALSE,TRUE,07/30/24,05:35 PM,05:35 PM,FREE,BUSY
07/31/24,12:35 PM,12:35 PM,Blue Jays at Orioles,Oriole Park at Camden Yards - Baltimore,"Local TV: MASN ----- Local Radio: 98 Rock FM/HD2 97.9- WBAL NewsRadio AM/FM",07/31/24,07/31/24,03:35 PM,03:35 PM,FALSE,TRUE,07/31/24,11:35 AM,11:35 AM,FREE,BUSY
08/01/24,06:40 PM,06:40 PM,Orioles at Guardians,Progressive Field - Cleveland,"Local TV: MASN ----- Local Radio: 98 Rock FM/HD2 97.9- WBAL NewsRadio AM/FM",08/01/24,08/01/24,09:40 PM,09:40 PM,FALSE,TRUE,08/01/24,05:40 PM,05:40 PM,FREE,BUSY
08/02/24,07:10 PM,07:10 PM,Orioles at Guardians,Progressive Field - Cleveland,"Local TV: MASN ----- Local Radio: 98 Rock FM/HD2 97.9- WBAL NewsRadio AM/FM",08/02/24,08/02/24,10:10 PM,10:10 PM,FALSE,TRUE,08/02/24,06:10 PM,06:10 PM,FREE,BUSY
08/03/24,07:15 PM,07:15 PM,Orioles at Guardians,Progressive Field - Cleveland,"Local TV: FOX ----- Local Radio: 98 Rock FM/HD2 97.9- WBAL NewsRadio AM/FM",08/03/24,08/03/24,10:15 PM,10:15 PM,FALSE,TRUE,08/03/24,06:15 PM,06:15 PM,FREE,BUSY
08/04/24,01:40 PM,01:40 PM,Orioles at Guardians,Progressive Field - Cleveland,"Local TV: MASN ----- Local Radio: 98 Rock FM/HD2 97.9- WBAL NewsRadio AM/FM",08/04/24,08/04/24,04:40 PM,04:40 PM,FALSE,TRUE,08/04/24,12:40 PM,12:40 PM,FREE,BUSY
08/06/24,07:07 PM,07:07 PM,Orioles at Blue Jays,Rogers Centre - Toronto,"Local TV: MASN 2 ----- Local Radio: 98 Rock FM/HD2 97.9- WBAL NewsRadio AM/FM",08/06/24,08/06/24,10:07 PM,10:07 PM,FALSE,TRUE,08/06/24,06:07 PM,06:07 PM,FREE,BUSY
08/07/24,07:07 PM,07:07 PM,Orioles at Blue Jays,Rogers Centre - Toronto,"Local TV: MASN 2 ----- Local Radio: 98 Rock FM/HD2 97.9- WBAL NewsRadio AM/FM",08/07/24,08/07/24,10:07 PM,10:07 PM,FALSE,TRUE,08/07/24,06:07 PM,06:07 PM,FREE,BUSY
08/08/24,07:07 PM,07:07 PM,Orioles at Blue Jays,Rogers Centre - Toronto,"Local TV: MASN 2 ----- Local Radio: 98 Rock FM/HD2 97.9- WBAL NewsRadio AM/FM",08/08/24,08/08/24,10:07 PM,10:07 PM,FALSE,TRUE,08/08/24,06:07 PM,06:07 PM,FREE,BUSY
08/09/24,06:50 PM,06:50 PM,Orioles at Rays,Tropicana Field - St. Petersburg,"Local TV: MASN 2 ----- Local Radio: 98 Rock FM/HD2 97.9- WBAL NewsRadio AM/FM",08/09/24,08/09/24,09:50 PM,09:50 PM,FALSE,TRUE,08/09/24,05:50 PM,05:50 PM,FREE,BUSY
08/10/24,07:15 PM,07:15 PM,Orioles at Rays,Tropicana Field - St. Petersburg,"Local TV: FOX ----- Local Radio: 98 Rock FM/HD2 97.9- WBAL NewsRadio AM/FM",08/10/24,08/10/24,10:15 PM,10:15 PM,FALSE,TRUE,08/10/24,06:15 PM,06:15 PM,FREE,BUSY
08/11/24,01:40 PM,01:40 PM,Orioles at Rays,Tropicana Field - St. Petersburg,"Local TV: MASN 2 ----- Local Radio: 98 Rock FM/HD2 97.9- WBAL NewsRadio AM/FM",08/11/24,08/11/24,04:40 PM,04:40 PM,FALSE,TRUE,08/11/24,12:40 PM,12:40 PM,FREE,BUSY
08/13/24,06:35 PM,06:35 PM,Nationals at Orioles,Oriole Park at Camden Yards - Baltimore,"Local TV: MASN ----- Local Radio: 98 Rock FM/HD2 97.9- WBAL NewsRadio AM/FM",08/13/24,08/13/24,09:35 PM,09:35 PM,FALSE,TRUE,08/13/24,05:35 PM,05:35 PM,FREE,BUSY
08/14/24,06:35 PM,06:35 PM,Nationals at Orioles,Oriole Park at Camden Yards - Baltimore,"Local TV: MASN ----- Local Radio: 98 Rock FM/HD2 97.9- WBAL NewsRadio AM/FM",08/14/24,08/14/24,09:35 PM,09:35 PM,FALSE,TRUE,08/14/24,05:35 PM,05:35 PM,FREE,BUSY
08/15/24,06:35 PM,06:35 PM,Red Sox at Orioles,Oriole Park at Camden Yards - Baltimore,"Local TV: MASN ----- Local Radio: 98 Rock FM/HD2 97.9- WBAL NewsRadio AM/FM",08/15/24,08/15/24,09:35 PM,09:35 PM,FALSE,TRUE,08/15/24,05:35 PM,05:35 PM,FREE,BUSY
08/16/24,07:05 PM,07:05 PM,Red Sox at Orioles,Oriole Park at Camden Yards - Baltimore,"Local TV: MASN ----- Local Radio: 98 Rock FM/HD2 97.9- WBAL NewsRadio AM/FM",08/16/24,08/16/24,10:05 PM,10:05 PM,FALSE,TRUE,08/16/24,06:05 PM,06:05 PM,FREE,BUSY
08/17/24,04:05 PM,04:05 PM,Red Sox at Orioles,Oriole Park at Camden Yards - Baltimore,"Local TV: MASN ----- Local Radio: 98 Rock FM/HD2 97.9- WBAL NewsRadio AM/FM",08/17/24,08/17/24,07:05 PM,07:05 PM,FALSE,TRUE,08/17/24,03:05 PM,03:05 PM,FREE,BUSY
08/18/24,01:35 PM,01:35 PM,Red Sox at Orioles,Oriole Park at Camden Yards - Baltimore,"Local TV: MASN ----- Local Radio: 98 Rock FM/HD2 97.9- WBAL NewsRadio AM/FM",08/18/24,08/18/24,04:35 PM,04:35 PM,FALSE,TRUE,08/18/24,12:35 PM,12:35 PM,FREE,BUSY
08/19/24,07:10 PM,07:10 PM,Orioles at Mets,Citi Field - Flushing,"Local TV: MASN ----- Local Radio: 98 Rock FM/HD2 97.9- WBAL NewsRadio AM/FM",08/19/24,08/19/24,10:10 PM,10:10 PM,FALSE,TRUE,08/19/24,06:10 PM,06:10 PM,FREE,BUSY
08/20/24,07:10 PM,07:10 PM,Orioles at Mets,Citi Field - Flushing,"Local TV: MASN ----- Local Radio: 98 Rock FM/HD2 97.9- WBAL NewsRadio AM/FM",08/20/24,08/20/24,10:10 PM,10:10 PM,FALSE,TRUE,08/20/24,06:10 PM,06:10 PM,FREE,BUSY
08/21/24,01:10 PM,01:10 PM,Orioles at Mets,Citi Field - Flushing,"Local TV: MASN ----- Local Radio: 98 Rock FM/HD2 97.9- WBAL NewsRadio AM/FM",08/21/24,08/21/24,04:10 PM,04:10 PM,FALSE,TRUE,08/21/24,12:10 PM,12:10 PM,FREE,BUSY
08/22/24,07:15 PM,07:15 PM,Astros at Orioles,Oriole Park at Camden Yards - Baltimore,"Local TV: FOX ----- Local Radio: 98 Rock FM/HD2 97.9- WBAL NewsRadio AM/FM",08/22/24,08/22/24,10:15 PM,10:15 PM,FALSE,TRUE,08/22/24,06:15 PM,06:15 PM,FREE,BUSY
08/23/24,07:05 PM,07:05 PM,Astros at Orioles,Oriole Park at Camden Yards - Baltimore,"Local TV: MASN 2 ----- Local Radio: 98 Rock FM/HD2 97.9- WBAL NewsRadio AM/FM",08/23/24,08/23/24,10:05 PM,10:05 PM,FALSE,TRUE,08/23/24,06:05 PM,06:05 PM,FREE,BUSY
08/24/24,04:05 PM,04:05 PM,Astros at Orioles,Oriole Park at Camden Yards - Baltimore,"Local TV: MASN 2 ----- Local Radio: 98 Rock FM/HD2 97.9- WBAL NewsRadio AM/FM",08/24/24,08/24/24,07:05 PM,07:05 PM,FALSE,TRUE,08/24/24,03:05 PM,03:05 PM,FREE,BUSY
08/25/24,01:35 PM,01:35 PM,Astros at Orioles,Oriole Park at Camden Yards - Baltimore,"Local TV: MASN 2 ----- Local Radio: 98 Rock FM/HD2 97.9- WBAL NewsRadio AM/FM",08/25/24,08/25/24,04:35 PM,04:35 PM,FALSE,TRUE,08/25/24,12:35 PM,12:35 PM,FREE,BUSY
08/27/24,10:10 PM,10:10 PM,Orioles at Dodgers,Dodger Stadium - Los Angeles,"Local TV: MASN 2 ----- Local Radio: 98 Rock FM/HD2 97.9- WBAL NewsRadio AM/FM",08/28/24,08/28/24,01:10 AM,01:10 AM,FALSE,TRUE,08/27/24,09:10 PM,09:10 PM,FREE,BUSY
08/28/24,10:10 PM,10:10 PM,Orioles at Dodgers,Dodger Stadium - Los Angeles,"Local TV: MASN 2 ----- Local Radio: 98 Rock FM/HD2 97.9- WBAL NewsRadio AM/FM",08/29/24,08/29/24,01:10 AM,01:10 AM,FALSE,TRUE,08/28/24,09:10 PM,09:10 PM,FREE,BUSY
08/29/24,10:10 PM,10:10 PM,Orioles at Dodgers,Dodger Stadium - Los Angeles,"Local TV: MASN ----- Local Radio: 98 Rock FM/HD2 97.9- WBAL NewsRadio AM/FM",08/30/24,08/30/24,01:10 AM,01:10 AM,FALSE,TRUE,08/29/24,09:10 PM,09:10 PM,FREE,BUSY
08/30/24,08:40 PM,08:40 PM,Orioles at Rockies,Coors Field - Denver,"Local TV: MASN 2 ----- Local Radio: 98 Rock FM/HD2 97.9- WBAL NewsRadio AM/FM",08/30/24,08/30/24,11:40 PM,11:40 PM,FALSE,TRUE,08/30/24,07:40 PM,07:40 PM,FREE,BUSY
08/31/24,08:10 PM,08:10 PM,Orioles at Rockies,Coors Field - Denver,"Local TV: MASN 2 ----- Local Radio: 98 Rock FM/HD2 97.9- WBAL NewsRadio AM/FM",08/31/24,08/31/24,11:10 PM,11:10 PM,FALSE,TRUE,08/31/24,07:10 PM,07:10 PM,FREE,BUSY
09/01/24,03:10 PM,03:10 PM,Orioles at Rockies,Coors Field - Denver,"Local TV: MASN 2 ----- Local Radio: 98 Rock FM/HD2 97.9- WBAL NewsRadio AM/FM",09/01/24,09/01/24,06:10 PM,06:10 PM,FALSE,TRUE,09/01/24,02:10 PM,02:10 PM,FREE,BUSY
09/02/24,01:05 PM,01:05 PM,White Sox at Orioles,Oriole Park at Camden Yards - Baltimore,"Local TV: MASN ----- Local Radio: 98 Rock FM/HD2 97.9- WBAL NewsRadio AM/FM",09/02/24,09/02/24,04:05 PM,04:05 PM,FALSE,TRUE,09/02/24,12:05 PM,12:05 PM,FREE,BUSY
09/03/24,06:35 PM,06:35 PM,White Sox at Orioles,Oriole Park at Camden Yards - Baltimore,"Local TV: MASN 2 ----- Local Radio: 98 Rock FM/HD2 97.9- WBAL NewsRadio AM/FM",09/03/24,09/03/24,09:35 PM,09:35 PM,FALSE,TRUE,09/03/24,05:35 PM,05:35 PM,FREE,BUSY
09/04/24,06:35 PM,06:35 PM,White Sox at Orioles,Oriole Park at Camden Yards - Baltimore,"Local TV: MASN 2 ----- Local Radio: 98 Rock FM/HD2 97.9- WBAL NewsRadio AM/FM",09/04/24,09/04/24,09:35 PM,09:35 PM,FALSE,TRUE,09/04/24,05:35 PM,05:35 PM,FREE,BUSY
09/06/24,07:05 PM,07:05 PM,Rays at Orioles,Oriole Park at Camden Yards - Baltimore,"Local TV: MASN ----- Local Radio: 98 Rock FM/HD2 97.9- WBAL NewsRadio AM/FM",09/06/24,09/06/24,10:05 PM,10:05 PM,FALSE,TRUE,09/06/24,06:05 PM,06:05 PM,FREE,BUSY
09/07/24,04:05 PM,04:05 PM,Rays at Orioles,Oriole Park at Camden Yards - Baltimore,"Local TV: MASN ----- Local Radio: 98 Rock FM/HD2 97.9- WBAL NewsRadio AM/FM",09/07/24,09/07/24,07:05 PM,07:05 PM,FALSE,TRUE,09/07/24,03:05 PM,03:05 PM,FREE,BUSY
09/08/24,01:35 PM,01:35 PM,Rays at Orioles,Oriole Park at Camden Yards - Baltimore,"Local TV: MASN ----- Local Radio: 98 Rock FM/HD2 97.9- WBAL NewsRadio AM/FM",09/08/24,09/08/24,04:35 PM,04:35 PM,FALSE,TRUE,09/08/24,12:35 PM,12:35 PM,FREE,BUSY
09/09/24,07:10 PM,07:10 PM,Orioles at Red Sox,Fenway Park - Boston,"Local TV: MASN ----- Local Radio: 98 Rock FM/HD2 97.9- WBAL NewsRadio AM/FM",09/09/24,09/09/24,10:10 PM,10:10 PM,FALSE,TRUE,09/09/24,06:10 PM,06:10 PM,FREE,BUSY
09/10/24,07:10 PM,07:10 PM,Orioles at Red Sox,Fenway Park - Boston,"Local TV: MASN ----- Local Radio: 98 Rock FM/HD2 97.9- WBAL NewsRadio AM/FM",09/10/24,09/10/24,10:10 PM,10:10 PM,FALSE,TRUE,09/10/24,06:10 PM,06:10 PM,FREE,BUSY
09/11/24,07:10 PM,07:10 PM,Orioles at Red Sox,Fenway Park - Boston,"Local TV: MASN ----- Local Radio: 98 Rock FM/HD2 97.9- WBAL NewsRadio AM/FM",09/11/24,09/11/24,10:10 PM,10:10 PM,FALSE,TRUE,09/11/24,06:10 PM,06:10 PM,FREE,BUSY
09/13/24,06:40 PM,06:40 PM,Orioles at Tigers,Comerica Park - Detroit,"Local TV: MASN 2 ----- Local Radio: 98 Rock FM/HD2 97.9- WBAL NewsRadio AM/FM",09/13/24,09/13/24,09:40 PM,09:40 PM,FALSE,TRUE,09/13/24,05:40 PM,05:40 PM,FREE,BUSY
09/14/24,06:10 PM,06:10 PM,Orioles at Tigers,Comerica Park - Detroit,"Local TV: MASN 2 ----- Local Radio: 98 Rock FM/HD2 97.9- WBAL NewsRadio AM/FM",09/14/24,09/14/24,09:10 PM,09:10 PM,FALSE,TRUE,09/14/24,05:10 PM,05:10 PM,FREE,BUSY
09/15/24,01:40 PM,01:40 PM,Orioles at Tigers,Comerica Park - Detroit,"Local TV: MASN 2 ----- Local Radio: 98 Rock FM/HD2 97.9- WBAL NewsRadio AM/FM",09/15/24,09/15/24,04:40 PM,04:40 PM,FALSE,TRUE,09/15/24,12:40 PM,12:40 PM,FREE,BUSY
09/17/24,06:35 PM,06:35 PM,Giants at Orioles,Oriole Park at Camden Yards - Baltimore,"Local TV: MASN 2 ----- Local Radio: 98 Rock FM/HD2 97.9- WBAL NewsRadio AM/FM",09/17/24,09/17/24,09:35 PM,09:35 PM,FALSE,TRUE,09/17/24,05:35 PM,05:35 PM,FREE,BUSY
09/18/24,06:35 PM,06:35 PM,Giants at Orioles,Oriole Park at Camden Yards - Baltimore,"Local TV: MASN 2 ----- Local Radio: 98 Rock FM/HD2 97.9- WBAL NewsRadio AM/FM",09/18/24,09/18/24,09:35 PM,09:35 PM,FALSE,TRUE,09/18/24,05:35 PM,05:35 PM,FREE,BUSY
09/19/24,01:05 PM,01:05 PM,Giants at Orioles,Oriole Park at Camden Yards - Baltimore,"Local TV: MASN ----- Local Radio: 98 Rock FM/HD2 97.9- WBAL NewsRadio AM/FM",09/19/24,09/19/24,04:05 PM,04:05 PM,FALSE,TRUE,09/19/24,12:05 PM,12:05 PM,FREE,BUSY
09/20/24,07:05 PM,07:05 PM,Tigers at Orioles,Oriole Park at Camden Yards - Baltimore,"Local TV: MASN ----- Local Radio: 98 Rock FM/HD2 97.9- WBAL NewsRadio AM/FM",09/20/24,09/20/24,10:05 PM,10:05 PM,FALSE,TRUE,09/20/24,06:05 PM,06:05 PM,FREE,BUSY
09/21/24,04:05 PM,04:05 PM,Tigers at Orioles,Oriole Park at Camden Yards - Baltimore,"Local TV: MASN ----- Local Radio: 98 Rock FM/HD2 97.9- WBAL NewsRadio AM/FM",09/21/24,09/21/24,07:05 PM,07:05 PM,FALSE,TRUE,09/21/24,03:05 PM,03:05 PM,FREE,BUSY
09/22/24,01:35 PM,01:35 PM,Tigers at Orioles,Oriole Park at Camden Yards - Baltimore,"Local TV: MASN ----- Local Radio: 98 Rock FM/HD2 97.9- WBAL NewsRadio AM/FM",09/22/24,09/22/24,04:35 PM,04:35 PM,FALSE,TRUE,09/22/24,12:35 PM,12:35 PM,FREE,BUSY
09/24/24,07:05 PM,07:05 PM,Orioles at Yankees,Yankee Stadium - Bronx,"Local TV: MASN ----- Local Radio: 98 Rock FM/HD2 97.9- WBAL NewsRadio AM/FM",09/24/24,09/24/24,10:05 PM,10:05 PM,FALSE,TRUE,09/24/24,06:05 PM,06:05 PM,FREE,BUSY
09/25/24,07:05 PM,07:05 PM,Orioles at Yankees,Yankee Stadium - Bronx,"Local TV: MASN ----- Local Radio: 98 Rock FM/HD2 97.9- WBAL NewsRadio AM/FM",09/25/24,09/25/24,10:05 PM,10:05 PM,FALSE,TRUE,09/25/24,06:05 PM,06:05 PM,FREE,BUSY
09/26/24,07:05 PM,07:05 PM,Orioles at Yankees,Yankee Stadium - Bronx,"Local TV: MASN ----- Local Radio: 98 Rock FM/HD2 97.9- WBAL NewsRadio AM/FM",09/26/24,09/26/24,10:05 PM,10:05 PM,FALSE,TRUE,09/26/24,06:05 PM,06:05 PM,FREE,BUSY
09/27/24,08:10 PM,08:10 PM,Orioles at Twins,Target Field - Minneapolis,"Local TV: MASN 2 ----- Local Radio: 98 Rock FM/HD2 97.9- WBAL NewsRadio AM/FM",09/27/24,09/27/24,11:10 PM,11:10 PM,FALSE,TRUE,09/27/24,07:10 PM,07:10 PM,FREE,BUSY
09/28/24,02:10 PM,02:10 PM,Orioles at Twins,Target Field - Minneapolis,"Local TV: MASN 2 ----- Local Radio: 98 Rock FM/HD2 97.9- WBAL NewsRadio AM/FM",09/28/24,09/28/24,05:10 PM,05:10 PM,FALSE,TRUE,09/28/24,01:10 PM,01:10 PM,FREE,BUSY
09/29/24,03:10 PM,03:10 PM,Orioles at Twins,Target Field - Minneapolis,"Local TV: MASN 2 ----- Local Radio: 98 Rock FM/HD2 97.9- WBAL NewsRadio AM/FM",09/29/24,09/29/24,06:10 PM,06:10 PM,FALSE,TRUE,09/29/24,02:10 PM,02:10 PM,FREE,BUSY
